Mouse Number,Strain,Biomass
1,B6,0.05628
2,B6,0.05628
3,B6,0.05628
4,B6,0.05628
5,TC,0.07864
6,TC,0.07864
7,TC,0.07864
8,TC,0.07864
